worksheet_version,sample_seed,sample_reason,corpus_snapshot_version,embedding_version,cluster_version,ranking_run_id_context,review_pool_variant,paper_id,openalex_work_id,internal_work_id,title,year,citation_count,source_slug,type,cluster_id,topics,abstract_preview,ranking_context_family_scores_json,ranking_context_family_ranks_json,relevance_label,novelty_label,bridge_like_label,reviewer_notes
ml-blind-snapshot-review-v1,20260430,cluster_stratified_seeded,source-snapshot-v2-candidate-plan-20260428,v2-title-abstract-1536-cleantext-r1,kmeans-l2-v2-cleantext-r1-k12,rank-ee2ba6c816,ml_blind_snapshot_audit,https://openalex.org/W7153448625,W7153448625,2296,"Comparative Analysis of SVM, k-NN and Logistic Regression Methods in Classifying Turkish Music Genres",2026,0,,article,c000,,"Music genre classification represents a fundamental challenge within the field of Music Information Retrieval (MIR). The analysis of audio signals plays a pivotal role in the process of music genre classification, facilitating the extraction of pertinent information from the frequency-based data of the auditory content. In this study, diverse acoustic chara…","{""bridge"": -0.2, ""emerging"": 0.164044}","{""bridge"": 96, ""emerging"": 174}",,,,
ml-blind-snapshot-review-v1,20260430,cluster_stratified_seeded,source-snapshot-v2-candidate-plan-20260428,v2-title-abstract-1536-cleantext-r1,kmeans-l2-v2-cleantext-r1-k12,rank-ee2ba6c816,ml_blind_snapshot_audit,https://openalex.org/W7133332586,W7133332586,2305,DeepHits: A Multimodal CNN Approach to Hit Song Prediction,2026,0,,article,c000,,"Hit Song Science aims to forecast a song's success before release and benefits from integrating signals beyond audio content alone. We present DeepHits, an end-to-end multimodal network that combines (i) log-Mel spectrogram embeddings from a compact residual 2D-CNN, (ii) frozen multilingual BERT lyric embeddings, and (iii) structured numeric features includ…","{""bridge"": -0.2, ""emerging"": 0.168989}","{""bridge"": 105, ""emerging"": 134}",,,,
ml-blind-snapshot-review-v1,20260430,cluster_stratified_seeded,source-snapshot-v2-candidate-plan-20260428,v2-title-abstract-1536-cleantext-r1,kmeans-l2-v2-cleantext-r1-k12,rank-ee2ba6c816,ml_blind_snapshot_audit,https://openalex.org/W7127163109,W7127163109,2311,Multitrack Music Transcription Based on Joint Learning of Onset and Frame Streams,2026,0,,article,c000,,"Multitrack music transcription is the task of converting music recordings into symbolic music representations that are assigned to individual instruments. This task requires simultaneous transcription of note onset and offset events for individual instruments. In addition, the limited resources of many transcription datasets make multitrack music transcript…","{""bridge"": -0.2, ""emerging"": 0.167634}","{""bridge"": 111, ""emerging"": 150}",,,,
ml-blind-snapshot-review-v1,20260430,cluster_stratified_seeded,source-snapshot-v2-candidate-plan-20260428,v2-title-abstract-1536-cleantext-r1,kmeans-l2-v2-cleantext-r1-k12,rank-ee2ba6c816,ml_blind_snapshot_audit,https://openalex.org/W4409474113,W4409474113,135,Diffusion-Based Denoising of Historical Recordings,2025,0,jaes,article,c000,Music and Audio Processing;Image and Signal Denoising Methods,"In the context of audio restoration, the need to remove background noise from historical music recordings is a recurring problem, for which traditional signal processing and supervised deep learning methods have been previously applied. In this work, a generative approach that adapts conditional diffusion sampling for removing perceptually distributed noise…","{""bridge"": 0.583333, ""emerging"": 0.464035, ""undercited"": 0.7}","{""bridge"": 69, ""emerging"": 48, ""undercited"": 36}",,,,
ml-blind-snapshot-review-v1,20260430,cluster_stratified_seeded,source-snapshot-v2-candidate-plan-20260428,v2-title-abstract-1536-cleantext-r1,kmeans-l2-v2-cleantext-r1-k12,rank-ee2ba6c816,ml_blind_snapshot_audit,https://openalex.org/W7131744631,W7131744631,2406,Audio-visual archiving project in Dagbon of Northern Ghana during the period 1999-2010,2026,0,,article,c001,,"This paper is a full chapter of my dissertation and elaborates on the constructivistic grounded theory as a field methodology during an audio-visual field research linked to an ethnographic study in Northern Ghana and in particular Dagbon society, seen from the angle of embodied music interaction and expressive timing, during the period 1999-2010. This ethn…","{""bridge"": -0.2, ""emerging"": 0.165318}","{""bridge"": 198, ""emerging"": 166}",,,,
ml-blind-snapshot-review-v1,20260430,cluster_stratified_seeded,source-snapshot-v2-candidate-plan-20260428,v2-title-abstract-1536-cleantext-r1,kmeans-l2-v2-cleantext-r1-k12,rank-ee2ba6c816,ml_blind_snapshot_audit,https://openalex.org/W7134231904,W7134231904,2408,"Wherever I Lay My Hat is Home?: A Complex Case Study of Crowd-Sourcing, Coordination, and Cross-Platform Integration for Hosting Open Humanities Data",2026,0,,article,c001,,"We consider the relative (de-)merits of various platforms for those involved in creating, coordinating, and disseminating open humanities data, including Wikidata. We focus this discussion on the complex case of the 'OpenScore' initiative which creates digital encodings of musical scores under the CC0 licence for all use cases (musical, academic, and more).…","{""bridge"": -0.2, ""emerging"": 0.163646}","{""bridge"": 200, ""emerging"": 179}",,,,
ml-blind-snapshot-review-v1,20260430,cluster_stratified_seeded,source-snapshot-v2-candidate-plan-20260428,v2-title-abstract-1536-cleantext-r1,kmeans-l2-v2-cleantext-r1-k12,rank-ee2ba6c816,ml_blind_snapshot_audit,https://openalex.org/W4406354762,W4406354762,141,"Evaluating Localization Accuracy of Dynamic Binaural Synthesis: Differences Between Individual, Estimated, and Generic HRTFs",2025,1,jaes,article,c003,Hearing Loss and Rehabilitation;Speech and Audio Processing;Noise Effects and Management,"In a listening experiment with 24 participants, the localization accuracy of dynamic binaural synthesis employing individual and estimated head-related transfer functions (HRTFs) was compared to the localization accuracy with generic HRTFs in vertical and horizontal direction. The experiment featured five different HRTF estimation methods, high-frequency au…","{""bridge"": 0.650866, ""emerging"": 0.493652, ""undercited"": 0.624204}","{""bridge"": 22, ""emerging"": 26, ""undercited"": 76}",,,,
ml-blind-snapshot-review-v1,20260430,cluster_stratified_seeded,source-snapshot-v2-candidate-plan-20260428,v2-title-abstract-1536-cleantext-r1,kmeans-l2-v2-cleantext-r1-k12,rank-ee2ba6c816,ml_blind_snapshot_audit,https://openalex.org/W7128586572,W7128586572,102,The Influence of Visual Cues on the Sound Externalization of Virtual Loudspeaker Setups,2026,0,jaes,article,c003,Hearing Loss and Rehabilitation;Music Therapy and Health;Noise Effects and Management,"Research has shown that visual cues influence the perceived sound externalization of binaural reproduction. However, it remains unclear whether providing a virtual visual representation of loudspeakers in addition to their binaural rendering influences their perceived externalization. Using augmented reality (AR), loudspeakers can be visualized within the l…","{""bridge"": 0.619048, ""emerging"": 0.45052, ""undercited"": 0.666667}","{""bridge"": 60, ""emerging"": 73, ""undercited"": 47}",,,,
ml-blind-snapshot-review-v1,20260430,cluster_stratified_seeded,source-snapshot-v2-candidate-plan-20260428,v2-title-abstract-1536-cleantext-r1,kmeans-l2-v2-cleantext-r1-k12,rank-ee2ba6c816,ml_blind_snapshot_audit,https://openalex.org/W4414011896,W4414011896,112,A Pilot Study of an Acoustic Calibration and Psychoacoustic Validation of a Binaural-Rendered Neuroengineering Laboratory,2025,1,jaes,article,c003,Vehicle Noise and Vibration Control;Noise Effects and Management;Hearing Loss and Rehabilitation,"The increasing research in extended reality technologies has driven significant progress in developing virtual auditory experiments. These efforts aim to create immersive virtual environments, yet challenges such as room divergence-mismatches between virtual and physical auditory spaces-remain critical. This study focused on calibrating a binaural-rendered…","{""bridge"": 0.623782, ""emerging"": 0.486137, ""undercited"": 0.595037}","{""bridge"": 58, ""emerging"": 28, ""undercited"": 77}",,,,
ml-blind-snapshot-review-v1,20260430,cluster_stratified_seeded,source-snapshot-v2-candidate-plan-20260428,v2-title-abstract-1536-cleantext-r1,kmeans-l2-v2-cleantext-r1-k12,rank-ee2ba6c816,ml_blind_snapshot_audit,https://openalex.org/W7154583761,W7154583761,2359,Label-Efficient Social Noise Classification in Exceedance-Triggered Audio for Cost-Effective Source Tracing,2026,0,,article,c003,,"Identifying noise sources in exceedance-triggered audio is essential for targeted source tracing and sustainable urban social noise governance. While accurate models require massive labeled data, the acoustic complexity, high redundancy, and imbalanced class distributions of real-world recordings incur prohibitive manual annotation costs, hindering their wi…","{""bridge"": -0.2, ""emerging"": 0.169623}","{""bridge"": 155, ""emerging"": 128}",,,,
ml-blind-snapshot-review-v1,20260430,cluster_stratified_seeded,source-snapshot-v2-candidate-plan-20260428,v2-title-abstract-1536-cleantext-r1,kmeans-l2-v2-cleantext-r1-k12,rank-ee2ba6c816,ml_blind_snapshot_audit,https://openalex.org/W7154689616,W7154689616,2374,Wrap your head around it: algorithmic self-making and performances of taste on Spotify Wrapped,2026,0,,article,c004,,"This paper examines how Spotify Wrapped is perceived and understood by Brazilian users, exploring the algorithmic imaginaries (Bucher, 2017). that surround its appropriation in everyday life and how the datafication and the dashboarding of music consumption are incorporated into performances of taste (Airoldi, 2021; Prey, 2018). Focusing on Wrapped as an an…","{""bridge"": -0.2, ""emerging"": 0.159406}","{""bridge"": 169, ""emerging"": 195}",,,,
ml-blind-snapshot-review-v1,20260430,cluster_stratified_seeded,source-snapshot-v2-candidate-plan-20260428,v2-title-abstract-1536-cleantext-r1,kmeans-l2-v2-cleantext-r1-k12,rank-ee2ba6c816,ml_blind_snapshot_audit,https://openalex.org/W7149929510,W7149929510,2388,"New currents, old boundaries: exploring the relationship between streaming platforms and Afrikaans music",2026,0,,article,c004,,Abstract This article explores the impact of music streaming platforms on popular Afrikaans music. It sets recent technological developments in digital music distribution against the complex historical backdrop of the Afrikaans language and the histories of social marginalization affecting large parts of its linguistic communities. These patterns have shape…,"{""bridge"": -0.2, ""emerging"": 0.157203}","{""bridge"": 182, ""emerging"": 200}",,,,
ml-blind-snapshot-review-v1,20260430,cluster_stratified_seeded,source-snapshot-v2-candidate-plan-20260428,v2-title-abstract-1536-cleantext-r1,kmeans-l2-v2-cleantext-r1-k12,rank-ee2ba6c816,ml_blind_snapshot_audit,https://openalex.org/W4409474100,W4409474100,134,Analysis of Human Participants in the Journal of the Audio Engineering Society,2025,0,jaes,article,c004,Music Technology and Sound Studies,"This paper explores issues of equity, diversity, and inclusion in the Audio Engineering Society. It provides an overview of recent initiatives and publications on the participation of various groups in the audio industry and the Audio Engineering Society community. It also discusses the concept of justice in human research and its relevance to the recruitme…","{""bridge"": 0.516667, ""emerging"": 0.461974, ""undercited"": 0.7}","{""bridge"": 78, ""emerging"": 57, ""undercited"": 35}",,,,
ml-blind-snapshot-review-v1,20260430,cluster_stratified_seeded,source-snapshot-v2-candidate-plan-20260428,v2-title-abstract-1536-cleantext-r1,kmeans-l2-v2-cleantext-r1-k12,rank-ee2ba6c816,ml_blind_snapshot_audit,https://openalex.org/W7154260406,W7154260406,2295,"A Multidimensional MIR Analysis of Acoustic, Linguistic and Cultural Gaps Between Maskandi and Western Music Genres",2026,0,,article,c004,,"Contemporary Music Information Retrieval (MIR) and Natural Language Processing (NLP) systems are increasingly applied to diverse musical traditions, yet they are largely grounded in Western musical and linguistic assumptions. This study examines whether commonly used MIR features and multilingual NLP models adequately represent the acoustic, linguistic, and…","{""bridge"": -0.2, ""emerging"": 0.174141}","{""bridge"": 95, ""emerging"": 96}",,,,
ml-blind-snapshot-review-v1,20260430,cluster_stratified_seeded,source-snapshot-v2-candidate-plan-20260428,v2-title-abstract-1536-cleantext-r1,kmeans-l2-v2-cleantext-r1-k12,rank-ee2ba6c816,ml_blind_snapshot_audit,https://openalex.org/W7127282231,W7127282231,2405,Analysis of an intelligent piano music transcription model by deep reinforcement learning,2026,0,,article,c005,,"To improve the accuracy of automatic piano music transcription in complex environments, a recognition system applicable to practical scenarios such as music education assistance and intelligent performance analysis was developed.First, audio features were extracted using Log-Mel spectrograms, combined with data augmentation and adaptive pitch normalisation…","{""bridge"": -0.2, ""emerging"": 0.170047}","{""bridge"": 197, ""emerging"": 124}",,,,
ml-blind-snapshot-review-v1,20260430,cluster_stratified_seeded,source-snapshot-v2-candidate-plan-20260428,v2-title-abstract-1536-cleantext-r1,kmeans-l2-v2-cleantext-r1-k12,rank-ee2ba6c816,ml_blind_snapshot_audit,https://openalex.org/W7117894180,W7117894180,2323,[Paper] TPSMG: Text-Controllable Polyphonic Symbolic Music Generation,2025,0,,article,c005,,"We propose a novel text-controllable polyphonic symbolic music generation method based on diffusion models. Symbolic music generation has garnered significant attention due to its flexibility and seamless integration with Digital Audio Workstations (DAWs), as it enables the generation of MIDI files, facilitating easier modification compared to waveform musi…","{""bridge"": -0.2, ""emerging"": 0.16522}","{""bridge"": 123, ""emerging"": 168}",,,,
ml-blind-snapshot-review-v1,20260430,cluster_stratified_seeded,source-snapshot-v2-candidate-plan-20260428,v2-title-abstract-1536-cleantext-r1,kmeans-l2-v2-cleantext-r1-k12,rank-ee2ba6c816,ml_blind_snapshot_audit,https://openalex.org/W4415096020,W4415096020,2350,Uncovering Hidden Themes in Indie Music: Crisp-Dm Guided LDA Topic Modeling on a Kaggle-Based Lyric Generation Dataset,2025,0,,article,c005,,"The development of music has produced many works in the form of data, especially lyrical data, which provide insight into the semantic structure of music. This study explores latent thematic patterns in the indie lyric dataset from Kaggle by applying Latent Dirichlet Allocation (LDA), which is the first LDA study of indie music lyrics in the Indonesian cont…","{""bridge"": -0.2, ""emerging"": 0.165335}","{""bridge"": 146, ""emerging"": 165}",,,,
ml-blind-snapshot-review-v1,20260430,cluster_stratified_seeded,source-snapshot-v2-candidate-plan-20260428,v2-title-abstract-1536-cleantext-r1,kmeans-l2-v2-cleantext-r1-k12,rank-ee2ba6c816,ml_blind_snapshot_audit,https://openalex.org/W7154828706,W7154828706,2410,Polyphonic music melody generation model based on inverse reinforcement learning algorithm,2026,0,,article,c005,,"Automated polyphonic music generation remains a challenging task due to the difficulty in designing reward functions and modelling long-range dependencies.To address this, this paper proposes a polyphonic music generation model based on generative adversarial imitation learning.Our model employs a Gated Transformer-XL as its core to effectively capture intr…","{""bridge"": -0.2, ""emerging"": 0.167005}","{""bridge"": 202, ""emerging"": 156}",,,,
ml-blind-snapshot-review-v1,20260430,cluster_stratified_seeded,source-snapshot-v2-candidate-plan-20260428,v2-title-abstract-1536-cleantext-r1,kmeans-l2-v2-cleantext-r1-k12,rank-ee2ba6c816,ml_blind_snapshot_audit,https://openalex.org/W4405710378,W4405710378,148,Data-Driven Uncertainty Modeling for Robust Feedback Active Noise Control in Headphones,2024,2,jaes,article,c006,Advanced Adaptive Filtering Techniques;Control Systems and Identification;Vehicle Noise and Vibration Control,"Active noise control (ANC) has become popular for reducing noise and thus enhancing user comfort in headphones. Although feedback control offers an effective way to implement ANC, it is restricted by uncertainty of the controlled system (e.g., that arises from differing wearing situations). Widely used unstructured models that capture these variations tend…","{""bridge"": 0.340341, ""emerging"": 0.360867, ""undercited"": 0.246668}","{""bridge"": 80, ""emerging"": 80, ""undercited"": 80}",,,,
ml-blind-snapshot-review-v1,20260430,cluster_stratified_seeded,source-snapshot-v2-candidate-plan-20260428,v2-title-abstract-1536-cleantext-r1,kmeans-l2-v2-cleantext-r1-k12,rank-ee2ba6c816,ml_blind_snapshot_audit,https://openalex.org/W4406354730,W4406354730,146,Disc and Ring Exciter Shape Effects on Flat-Panel Loudspeakers,2025,0,jaes,article,c006,Acoustic Wave Phenomena Research;Speech and Audio Processing;Acoustic Wave Resonator Technologies,"Flat-panel loudspeaker exciters are moving coil motors with a coupling surface, often shaped like a ring or disc, that attaches to the surface of a plate. Simulations normally treat the exciter as acting like a point force, but in reality, the ring or disc shape can have a significant influence on the frequency response of the plate at middle and high frequ…","{""bridge"": 0.65, ""emerging"": 0.447597, ""undercited"": 0.7}","{""bridge"": 50, ""emerging"": 75, ""undercited"": 39}",,,,
ml-blind-snapshot-review-v1,20260430,cluster_stratified_seeded,source-snapshot-v2-candidate-plan-20260428,v2-title-abstract-1536-cleantext-r1,kmeans-l2-v2-cleantext-r1-k12,rank-ee2ba6c816,ml_blind_snapshot_audit,https://openalex.org/W7135104131,W7135104131,2381,Bayesian-Optimized Ensemble Learning for Music Popularity Prediction with Shapley-Based Interpretability,2026,0,,article,c006,,"Music popularity prediction is a fundamental problem in music information retrieval, with important implications for digital content dissemination and creative decision-making on streaming platforms. In this study, music popularity prediction is formulated as a supervised regression problem, and six widely-used tree ensemble models (Random Forest, XGBoost,…","{""bridge"": -0.2, ""emerging"": 0.16845}","{""bridge"": 175, ""emerging"": 139}",,,,
ml-blind-snapshot-review-v1,20260430,cluster_stratified_seeded,source-snapshot-v2-candidate-plan-20260428,v2-title-abstract-1536-cleantext-r1,kmeans-l2-v2-cleantext-r1-k12,rank-ee2ba6c816,ml_blind_snapshot_audit,https://openalex.org/W4411141387,W4411141387,123,Antiderivative Antialiasing for Chebyshev Based Generalized Hammerstein Models,2025,0,jaes,article,c006,Matrix Theory and Algorithms,"Antiderivative antialiasing (ADAA) has proven to be an effective approach for reducing aliasing in mathematically defined nonlinear functions. This paper explores the application of ADAA to Chebyshev-based generalized Hammerstein models, which are utilized for blackbox modeling of nonlinearities in digital audio effects. The Chebyshev-based model eliminates…","{""bridge"": 0.516667, ""emerging"": 0.455569, ""undercited"": 0.7}","{""bridge"": 77, ""emerging"": 69, ""undercited"": 31}",,,,
ml-blind-snapshot-review-v1,20260430,cluster_stratified_seeded,source-snapshot-v2-candidate-plan-20260428,v2-title-abstract-1536-cleantext-r1,kmeans-l2-v2-cleantext-r1-k12,rank-ee2ba6c816,ml_blind_snapshot_audit,https://openalex.org/W7124752081,W7124752081,2389,Integrated virtual reality and musical biofeedback for intensity-guided training on stationary cycling: a comparative feasibility study,2026,0,,article,c007,,"Abstract Motor rehabilitation requiring sustained physical exercise faces poor adherence in neurological populations due to insufficient supervision and monotony. While virtual reality and musical biofeedback independently improve engagement and motivation, their comparative and combined impact on intensity control strategies during high-intensity interval…","{""bridge"": -0.2, ""emerging"": 0.162599}","{""bridge"": 183, ""emerging"": 185}",,,,
ml-blind-snapshot-review-v1,20260430,cluster_stratified_seeded,source-snapshot-v2-candidate-plan-20260428,v2-title-abstract-1536-cleantext-r1,kmeans-l2-v2-cleantext-r1-k12,rank-ee2ba6c816,ml_blind_snapshot_audit,https://openalex.org/W7125209422,W7125209422,2400,"Conceptualising Sound, Inferring Structure, Making Meaning: Artistic Considerations in Ravel's 'La vallée des cloches'",2026,0,,article,c007,,"Processes of preparing repertoire for performance in the field of artistic pianism are far from linear, often involving many epistemic modes contributing to an ever-evolving relationship between the pianist, the score and their instrument. Beyond the absorption and internalisation of the score (note-learning, memorisation, addressing technical issues), a ra…","{""bridge"": -0.2, ""emerging"": 0.16506}","{""bridge"": 193, ""emerging"": 169}",,,,
ml-blind-snapshot-review-v1,20260430,cluster_stratified_seeded,source-snapshot-v2-candidate-plan-20260428,v2-title-abstract-1536-cleantext-r1,kmeans-l2-v2-cleantext-r1-k12,rank-ee2ba6c816,ml_blind_snapshot_audit,https://openalex.org/W7135033788,W7135033788,2357,Experimental investigation of lip-specific mouthpiece forces and pressure parameters in trombone performance under realistic playing conditions,2026,0,,article,c007,,"Mastering brass playing depends on the fine control of the embouchure-the coordinated interaction between lips, mouthpiece, and airflow. While teachers and performers have long emphasised this balance, objective data on how lip forces and pressures interact during real performance are scarce. This study addresses this gap by introducing a novel sensor-integ…","{""bridge"": -0.2, ""emerging"": 0.158894}","{""bridge"": 153, ""emerging"": 197}",,,,
ml-blind-snapshot-review-v1,20260430,cluster_stratified_seeded,source-snapshot-v2-candidate-plan-20260428,v2-title-abstract-1536-cleantext-r1,kmeans-l2-v2-cleantext-r1-k12,rank-ee2ba6c816,ml_blind_snapshot_audit,https://openalex.org/W7143753957,W7143753957,2366,BEATSCORE: Beat-Synchronous Contrastive Alignment and Event-Centric Grading for Long-Term Sports Assessment,2026,0,,article,c007,,"Long-term sports assessment is a challenging task in video understanding, since it requires judging subtle movement variations over minutes and evaluating action-music coordination. However, in many sporting events the background music is only weakly related to the performed movements, and the cues that matter for synchrony are often temporal and structural…","{""bridge"": -0.2, ""emerging"": 0.168402}","{""bridge"": 161, ""emerging"": 141}",,,,
ml-blind-snapshot-review-v1,20260430,cluster_stratified_seeded,source-snapshot-v2-candidate-plan-20260428,v2-title-abstract-1536-cleantext-r1,kmeans-l2-v2-cleantext-r1-k12,rank-ee2ba6c816,ml_blind_snapshot_audit,https://openalex.org/W4415242171,W4415242171,2347,A music source separation method integrating time-frequency decoupling and mamba-based state space modeling,2025,0,,article,c008,,"Music source separation, as a fundamental task in intelligent audio processing, plays a critical role in enhancing the performance of music generation, editing, and understanding systems. However, existing separation models often suffer from structural limitations such as reliance on a single modeling path, entangled time-frequency representations, and diff…","{""bridge"": -0.2, ""emerging"": 0.172459}","{""bridge"": 143, ""emerging"": 112}",,,,
ml-blind-snapshot-review-v1,20260430,cluster_stratified_seeded,source-snapshot-v2-candidate-plan-20260428,v2-title-abstract-1536-cleantext-r1,kmeans-l2-v2-cleantext-r1-k12,rank-ee2ba6c816,ml_blind_snapshot_audit,https://openalex.org/W7140166340,W7140166340,2371,Multimodal segmentation and labeling of lecture recordings for educational content retrieval,2026,0,,article,c008,,"Abstract E-learning has transformed the educational landscape, particularly in higher education, by offering flexible, scalable, and often more accessible learning environments. Lecture recordings, in particular, have become a widely used resource, offering students the ability to revisit class content at their own pace. However, the sheer volume and length…","{""bridge"": -0.2, ""emerging"": 0.166552}","{""bridge"": 166, ""emerging"": 157}",,,,
ml-blind-snapshot-review-v1,20260430,cluster_stratified_seeded,source-snapshot-v2-candidate-plan-20260428,v2-title-abstract-1536-cleantext-r1,kmeans-l2-v2-cleantext-r1-k12,rank-ee2ba6c816,ml_blind_snapshot_audit,https://openalex.org/W7131354888,W7131354888,2306,How Far Can a U-Net Go? An Empirical Analysis of Music Source Separation Performance,2026,0,,article,c008,,"Music source separation (MSS) focuses on decomposing a mixed audio signal into individual instrumental components and is increasingly relevant for music production, restoration, remixing, education, and music information retrieval. Deep learning methods, particularly U-Net architectures operating on time-frequency representations, have recently advanced the…","{""bridge"": -0.2, ""emerging"": 0.173115}","{""bridge"": 106, ""emerging"": 106}",,,,
ml-blind-snapshot-review-v1,20260430,cluster_stratified_seeded,source-snapshot-v2-candidate-plan-20260428,v2-title-abstract-1536-cleantext-r1,kmeans-l2-v2-cleantext-r1-k12,rank-ee2ba6c816,ml_blind_snapshot_audit,https://openalex.org/W4417119751,W4417119751,2356,MMAudioSep: Taming Video-to-Audio Generative Model Towards Video/Text-Queried Sound Separation,2026,0,,article,c008,,"We introduce MMAudioSep, a generative model for video/text-queried sound separation that is founded on a pretrained video-to-audio model. By leveraging knowledge about the relationship between video/text and audio learned through a pretrained audio generative model, we can train the model more efficiently, i.e., the model does not need to be trained from sc…","{""bridge"": -0.2, ""emerging"": 0.163709}","{""bridge"": 152, ""emerging"": 178}",,,,
ml-blind-snapshot-review-v1,20260430,cluster_stratified_seeded,source-snapshot-v2-candidate-plan-20260428,v2-title-abstract-1536-cleantext-r1,kmeans-l2-v2-cleantext-r1-k12,rank-ee2ba6c816,ml_blind_snapshot_audit,https://openalex.org/W7132999248,W7132999248,2407,The Sahelian Factor as a Structural Key Component in the Contemporary Idioms of Music-Making in Dagbon,2026,0,,article,c009,,"In this paper, we present the theoretical framework of the Sahelian factor as a structural research model for analysing the music and dance of Northern Ghana. Drawing on longitudinal audiovisual fieldwork in Dagbon and a dialogue with local musicians, stakeholders, music journalists, radio presenters, and the Dagbon community in Tamale, this model offers an…","{""bridge"": -0.2, ""emerging"": 0.16257}","{""bridge"": 199, ""emerging"": 186}",,,,
ml-blind-snapshot-review-v1,20260430,cluster_stratified_seeded,source-snapshot-v2-candidate-plan-20260428,v2-title-abstract-1536-cleantext-r1,kmeans-l2-v2-cleantext-r1-k12,rank-ee2ba6c816,ml_blind_snapshot_audit,https://openalex.org/W7135227133,W7135227133,2380,"A scoping review of music-based digital therapeutics for stress, anxiety, and depression",2026,0,,article,c009,,"Rising rates of stress, anxiety, and depression-fueled by rapid sociocultural and economic shifts, digital overexposure, and the lasting impact of COVID-19-are accelerating investment in scalable tools aimed at enhancing resilience and wellbeing. Music-based digital therapeutics (MDTs) hold promise given music's unique ability to modulate core dimensions of…","{""bridge"": -0.2, ""emerging"": 0.163978}","{""bridge"": 174, ""emerging"": 175}",,,,
ml-blind-snapshot-review-v1,20260430,cluster_stratified_seeded,source-snapshot-v2-candidate-plan-20260428,v2-title-abstract-1536-cleantext-r1,kmeans-l2-v2-cleantext-r1-k12,rank-ee2ba6c816,ml_blind_snapshot_audit,https://openalex.org/W7142281766,W7142281766,2377,The use of background music in educational settings,2026,0,,article,c009,,"This study is a theoretical review that examines, from a holistic perspective, the effects of background music used in classroom settings on students' cognitive, affective, and social learning processes. Drawing on contemporary research in educational psychology, environmental structuring, learning theories, and special education, the contributions of backg…","{""bridge"": -0.2, ""emerging"": 0.168445}","{""bridge"": 171, ""emerging"": 140}",,,,
ml-blind-snapshot-review-v1,20260430,cluster_stratified_seeded,source-snapshot-v2-candidate-plan-20260428,v2-title-abstract-1536-cleantext-r1,kmeans-l2-v2-cleantext-r1-k12,rank-ee2ba6c816,ml_blind_snapshot_audit,https://openalex.org/W7154620733,W7154620733,2373,Practice makes perfect sense to me: a retrospective analysis of recommending independent skills practice in music therapy for military-connected individuals,2026,0,,article,c009,,"Introduction Therapeutic disciplines have researched the use of independent skills practice (i.e., homework) and its impact on patient outcomes, but research on this topic in music therapy has been limited and contradictory. Methods This retrospective, exploratory study used a correlational approach to explore the use of recommending independent skills prac…","{""bridge"": -0.2, ""emerging"": 0.157313}","{""bridge"": 168, ""emerging"": 199}",,,,
ml-blind-snapshot-review-v1,20260430,cluster_stratified_seeded,source-snapshot-v2-candidate-plan-20260428,v2-title-abstract-1536-cleantext-r1,kmeans-l2-v2-cleantext-r1-k12,rank-ee2ba6c816,ml_blind_snapshot_audit,https://openalex.org/W7150806375,W7150806375,2391,Praat Audiotools: An offline analysis-resynthesis toolkit for experimental composition,2026,0,,article,c010,,"Abstract Praat AudioTools is an open-source library of over 300 scripts that transforms the phonetic analysis software Praat (Boersma and Weenink) into an offline, object-centric laboratory for electroacoustic composition. While Praat is the standard tool for linguistic analysis, its potential for musical creation has remained largely untapped due to its in…","{""bridge"": -0.2, ""emerging"": 0.168646}","{""bridge"": 185, ""emerging"": 137}",,,,
ml-blind-snapshot-review-v1,20260430,cluster_stratified_seeded,source-snapshot-v2-candidate-plan-20260428,v2-title-abstract-1536-cleantext-r1,kmeans-l2-v2-cleantext-r1-k12,rank-ee2ba6c816,ml_blind_snapshot_audit,https://openalex.org/W7128805121,W7128805121,2397,"Artificial Intelligence in Music: A Bibliometric and Systematic Review of Creation, Performance, and Education",2026,0,,article,c010,,"Abstract The integration of artificial intelligence (AI) into the music domain has catalyzed a transformative shift in how music is composed, performed, and taught. This paper introduces and frames the concept of music intelligence and employs bibliometric and systematic review methodologies to comprehensively analyze music intelligence. Music intelligence…","{""bridge"": -0.2, ""emerging"": 0.17202}","{""bridge"": 190, ""emerging"": 113}",,,,
ml-blind-snapshot-review-v1,20260430,cluster_stratified_seeded,source-snapshot-v2-candidate-plan-20260428,v2-title-abstract-1536-cleantext-r1,kmeans-l2-v2-cleantext-r1-k12,rank-ee2ba6c816,ml_blind_snapshot_audit,https://openalex.org/W4415788031,W4415788031,2340,Music emotion classification based on random swap algorithm,2025,1,,article,c010,,"We performed an unsupervised cluster analysis of emotions in music. We considered ten distinct perceived emotions (happy, sad, amusing, annoying, anxious, relaxing, dreamy, energizing, joyful, and neutral) from four genres (rock, pop, classical, and electronic). We first clustered emotions based on their co-occurrence across songs, revealing that the emotio…","{""bridge"": -0.168182, ""emerging"": 0.213265}","{""bridge"": 87, ""emerging"": 87}",,,,
ml-blind-snapshot-review-v1,20260430,cluster_stratified_seeded,source-snapshot-v2-candidate-plan-20260428,v2-title-abstract-1536-cleantext-r1,kmeans-l2-v2-cleantext-r1-k12,rank-ee2ba6c816,ml_blind_snapshot_audit,https://openalex.org/W7124548874,W7124548874,2390,Emo-Tune: Harnessing Emotion-based Music for Patient Wellness,2026,0,,article,c010,,"Music has consistently been a favored means of conveying and comprehending human emotions, serving as a powerful medium of expression. It has profound impact on human emotions, and our work aims to leverage this connection to enhance the human experience. This paper aims to enhance emotional well­being by identifying an individual's emotional state and play…","{""bridge"": -0.2, ""emerging"": 0.17294}","{""bridge"": 184, ""emerging"": 107}",,,,
ml-blind-snapshot-review-v1,20260430,cluster_stratified_seeded,source-snapshot-v2-candidate-plan-20260428,v2-title-abstract-1536-cleantext-r1,kmeans-l2-v2-cleantext-r1-k12,rank-ee2ba6c816,ml_blind_snapshot_audit,https://openalex.org/W7154318936,W7154318936,2360,Enhancing long-term structure in symbolic music generation via a cascaded Skeleton-to-texture framework,2026,0,,article,c011,,"In the field of symbolic music generation, maintaining macro-structural coherence and preventing logical drift within long sequences remains a critical challenge. Traditional autoregressive models primarily rely on implicit probabilistic statistics to capture contextual dependencies. Consequently, they often struggle to retain memory of initial musical moti…","{""bridge"": -0.2, ""emerging"": 0.1707}","{""bridge"": 156, ""emerging"": 122}",,,,
ml-blind-snapshot-review-v1,20260430,cluster_stratified_seeded,source-snapshot-v2-candidate-plan-20260428,v2-title-abstract-1536-cleantext-r1,kmeans-l2-v2-cleantext-r1-k12,rank-ee2ba6c816,ml_blind_snapshot_audit,https://openalex.org/W7147055129,W7147055129,2300,Constructing Composite Features for Interpretable Music-Tagging,2026,0,,preprint,c011,,"Combining multiple audio features can improve the performance of music tagging, but common deep learning-based feature fusion methods often lack interpretability. To address this problem, we propose a Genetic Programming (GP) pipeline that automatically evolves composite features by mathematically combining base music features, thereby capturing synergistic…","{""bridge"": -0.2, ""emerging"": 0.16811}","{""bridge"": 100, ""emerging"": 145}",,,,
ml-blind-snapshot-review-v1,20260430,cluster_stratified_seeded,source-snapshot-v2-candidate-plan-20260428,v2-title-abstract-1536-cleantext-r1,kmeans-l2-v2-cleantext-r1-k12,rank-ee2ba6c816,ml_blind_snapshot_audit,https://openalex.org/W7103890285,W7103890285,2342,GuitarFlow: Realistic Electric Guitar Synthesis From Tablatures via Flow Matching and Style Transfer,2025,0,,article,c011,,"Music generation in the audio domain using artificial intelligence (AI) has witnessed steady progress in recent years. However for some instruments, particularly the guitar, controllable instrument synthesis remains limited in expressivity. We introduce GuitarFlow, a model with a high degree of controllability designed specifically for electric guitar synth…","{""bridge"": -0.2, ""emerging"": 0.160475}","{""bridge"": 139, ""emerging"": 190}",,,,
ml-blind-snapshot-review-v1,20260430,cluster_stratified_seeded,source-snapshot-v2-candidate-plan-20260428,v2-title-abstract-1536-cleantext-r1,kmeans-l2-v2-cleantext-r1-k12,rank-ee2ba6c816,ml_blind_snapshot_audit,https://openalex.org/W4417301638,W4417301638,2293,Text2midi-InferAlign: Improving Symbolic Music Generation with Inference-Time Alignment,2026,0,,article,c011,,"We present Text2midi-InferAlign, a novel technique for improving symbolic music generation at inference time. Our method leverages text-to-audio and music-structural alignment rewards to guide the generation process, encouraging consistency with the input caption. Specifically, we introduce two objective scores: a text-audio consistency score measuring rhyt…","{""bridge"": -0.2, ""emerging"": 0.167992}","{""bridge"": 93, ""emerging"": 147}",,,,
ml-blind-snapshot-review-v1,20260430,cluster_stratified_seeded,source-snapshot-v2-candidate-plan-20260428,v2-title-abstract-1536-cleantext-r1,kmeans-l2-v2-cleantext-r1-k12,rank-ee2ba6c816,ml_blind_snapshot_audit,https://openalex.org/W7134071376,W7134071376,2382,Driven by engagement and social identity: refining the SOR framework to explore digital music consumption behaviors among Chinese undergraduate students on short video platforms,2026,0,,article,c007,,"Grounded in the Stimulus-Organism-Response (SOR) framework, this study refines the model within the context of short video platforms (SVPs) and digital music consumption. By incorporating social identity as a context-specific ""Organism"" mediator alongside music recommendation satisfaction, we explore the dual psychological pathways-individual and social-thr…","{""bridge"": -0.2, ""emerging"": 0.165893}","{""bridge"": 176, ""emerging"": 162}",,,,
ml-blind-snapshot-review-v1,20260430,cluster_stratified_seeded,source-snapshot-v2-candidate-plan-20260428,v2-title-abstract-1536-cleantext-r1,kmeans-l2-v2-cleantext-r1-k12,rank-ee2ba6c816,ml_blind_snapshot_audit,https://openalex.org/W7131131523,W7131131523,2387,Sentiment-Based Music Recommendation System using Natural Language Processing for Emotion-aware Song Suggestions,2026,0,,article,c010,,"Music plays a vital role in influencing emotions, mood, and mental health. However, classical music recommendation systems mostly rely on listening to history, genre preference, or popularity, ignoring the listener's mood. Motivation to go further in this area gave birth to this study, where a new sentiment-based music recommendation system is being designe…","{""bridge"": -0.2, ""emerging"": 0.173731}","{""bridge"": 181, ""emerging"": 100}",,,,
ml-blind-snapshot-review-v1,20260430,cluster_stratified_seeded,source-snapshot-v2-candidate-plan-20260428,v2-title-abstract-1536-cleantext-r1,kmeans-l2-v2-cleantext-r1-k12,rank-ee2ba6c816,ml_blind_snapshot_audit,https://openalex.org/W4405710382,W4405710382,147,Characteristics of Personal Sound and Noise Exposure at Large-Scale Music Events,2024,1,jaes,article,c006,Noise Effects and Management,"Regulations governing sound exposure at amplified-music events aim to safeguard audience's hearing. However, current sound monitoring practices often rely on a single measurement position that is considered representative of individual exposure. Because this standard practice overlooks crucial inter-subject variation in sound exposure, this study analyzes i…","{""bridge"": 0.445022, ""emerging"": 0.445593, ""undercited"": 0.548446}","{""bridge"": 79, ""emerging"": 76, ""undercited"": 78}",,,,
ml-blind-snapshot-review-v1,20260430,cluster_stratified_seeded,source-snapshot-v2-candidate-plan-20260428,v2-title-abstract-1536-cleantext-r1,kmeans-l2-v2-cleantext-r1-k12,rank-ee2ba6c816,ml_blind_snapshot_audit,https://openalex.org/W4415270286,W4415270286,2414,Deepaq: A Perceptual Audio Quality Metric Based on Foundational Models and Weakly Supervised Learning,2026,0,,article,c008,,"This paper presents the Deep learning-based Perceptual Audio Quality metric (DeePAQ) for evaluating general audio quality. Our approach leverages metric learning together with the music foundation model MERT, guided by surrogate labels, to construct an embedding space that captures distortion intensity in general audio. To the best of our knowledge, DeePAQ…","{""bridge"": -0.2, ""emerging"": 0.169258}","{""bridge"": 206, ""emerging"": 131}",,,,
ml-blind-snapshot-review-v1,20260430,year_band_seeded,source-snapshot-v2-candidate-plan-20260428,v2-title-abstract-1536-cleantext-r1,kmeans-l2-v2-cleantext-r1-k12,rank-ee2ba6c816,ml_blind_snapshot_audit,https://openalex.org/W4414819135,W4414819135,2353,SingMOS-Pro: An Comprehensive Benchmark For Singing Quality Assessment,2026,0,,article,c000,,"Singing voice generation progresses rapidly, yet evaluating singing quality remains a critical challenge. Human subjective assessment, typically in the form of listening tests, is costly and time consuming, while existing objective metrics capture only limited perceptual aspects. In this work, we introduce SingMOS-Pro, a dataset for automatic singing qualit…","{""bridge"": -0.2, ""emerging"": 0.164473}","{""bridge"": 149, ""emerging"": 170}",,,,
ml-blind-snapshot-review-v1,20260430,citation_band_seeded,source-snapshot-v2-candidate-plan-20260428,v2-title-abstract-1536-cleantext-r1,kmeans-l2-v2-cleantext-r1-k12,rank-ee2ba6c816,ml_blind_snapshot_audit,https://openalex.org/W7108084681,W7108084681,2331,TuFoC: regional classification of Turkish folk music recordings using deep learning on Mel spectrograms,2025,0,,article,c000,,"The regional classification of Turkish folk music remains a relatively unexplored domain in music information retrieval, particularly when leveraging raw audio signals for deep learning. This study addresses this gap by investigating how modern deep learning architectures can effectively classify regional folk recordings from limited original data using car…","{""bridge"": -0.2, ""emerging"": 0.171999}","{""bridge"": 129, ""emerging"": 114}",,,,
ml-blind-snapshot-review-v1,20260430,citation_band_seeded,source-snapshot-v2-candidate-plan-20260428,v2-title-abstract-1536-cleantext-r1,kmeans-l2-v2-cleantext-r1-k12,rank-ee2ba6c816,ml_blind_snapshot_audit,https://openalex.org/W4406354650,W4406354650,144,Modeling the Effect of Eddy Currents on the Inductance of Loudspeaker Motors Using the Method of Lines,2025,1,jaes,article,c006,Acoustic Wave Phenomena Research;Advanced Adaptive Filtering Techniques;Electromagnetic Compatibility and Noise Suppression,"This paper presents a way of modeling the effect of eddy currents on the inductance of a loudspeaker coil over a wide frequency bandwidth without the use of fractional derivatives or Foster/Cauer networks. The model presented is a physics-based model, which is derived from Maxwell's equations and discretized in space. The model is compared with finite eleme…","{""bridge"": 0.573485, ""emerging"": 0.450363, ""undercited"": 0.54087}","{""bridge"": 71, ""emerging"": 74, ""undercited"": 79}",,,,
ml-blind-snapshot-review-v1,20260430,weak_family_context_seeded,source-snapshot-v2-candidate-plan-20260428,v2-title-abstract-1536-cleantext-r1,kmeans-l2-v2-cleantext-r1-k12,rank-ee2ba6c816,ml_blind_snapshot_audit,https://openalex.org/W4416258760,W4416258760,2354,ECHO: Frequency-Aware Hierarchical Encoding for Variable-Length Signals,2026,0,,article,c000,,"Pre-trained foundation models have demonstrated remarkable success in audio, vision and language, yet their potential for general machine signal modeling with arbitrary sampling rates-covering acoustic, vibration, and other industrial sensor data-remains under-explored. In this work, we propose a novel foundation model ECHO that integrates an advanced band-…","{""bridge"": -0.2, ""emerging"": 0.164246}","{""bridge"": 150, ""emerging"": 171}",,,,
ml-blind-snapshot-review-v1,20260430,weak_family_context_seeded,source-snapshot-v2-candidate-plan-20260428,v2-title-abstract-1536-cleantext-r1,kmeans-l2-v2-cleantext-r1-k12,rank-ee2ba6c816,ml_blind_snapshot_audit,https://openalex.org/W4416291813,W4416291813,2337,HashWave: blockchain-powered perceptual hashing for resilient audio piracy detection against signal-processing attacks in decentralized networks,2025,0,,article,c010,,"Audio piracy detection is increasingly complex in decentralised distribution settings, where mainstream approaches fail to ensure robustness, verifiability, or computational efficiency. Conventional Digital Rights Management (DRM) systems mainly enforce licensed access, but once content is copied or redistributed outside their control they offer little prot…","{""bridge"": -0.2, ""emerging"": 0.163859}","{""bridge"": 135, ""emerging"": 177}",,,,
ml-blind-snapshot-review-v1,20260430,weak_family_context_seeded,source-snapshot-v2-candidate-plan-20260428,v2-title-abstract-1536-cleantext-r1,kmeans-l2-v2-cleantext-r1-k12,rank-ee2ba6c816,ml_blind_snapshot_audit,https://openalex.org/W7126269324,W7126269324,2314,Tonal Mode Detection Based on the Triple Composite Signature of Fifths,2026,0,,article,c000,,"In this article, a novel algorithm for tonal mode classification utilizing the signature of fifths is presented. The proposed method is an extension of previously developed algorithms used for determining the key and key signature within the Western tonal system. The core idea of the algorithm is to analyze the entire piece as well as its most important exc…","{""bridge"": -0.2, ""emerging"": 0.16004}","{""bridge"": 114, ""emerging"": 192}",,,,
ml-blind-snapshot-review-v1,20260430,weak_family_context_seeded,source-snapshot-v2-candidate-plan-20260428,v2-title-abstract-1536-cleantext-r1,kmeans-l2-v2-cleantext-r1-k12,rank-ee2ba6c816,ml_blind_snapshot_audit,https://openalex.org/W7144768299,W7144768299,2392,"CollabScore, a collaborative system for OMR validation and correction",2026,0,,preprint,c000,,"We describe a collaborative system, CollabScore, aiming at validating and correcting music scores produced by an optical recognition process. Such output are notably faulty and require a correction step. While a general-purpose engraver could used for that purpose, this solution lacks scalability and does not directly addresses the symbol identification whi…","{""bridge"": -0.2, ""emerging"": 0.164054}","{""bridge"": 186, ""emerging"": 173}",,,,
ml-blind-snapshot-review-v1,20260430,fallback_seeded_fill,source-snapshot-v2-candidate-plan-20260428,v2-title-abstract-1536-cleantext-r1,kmeans-l2-v2-cleantext-r1-k12,rank-ee2ba6c816,ml_blind_snapshot_audit,https://openalex.org/W7150384823,W7150384823,2298,Transkripcija kitarskih tablatur z globokimi transformerskimi modeli,2026,0,,article,c000,,"Automatic guitar tablature transcription remains an under-explored problem in automatic music transcription due to limited real-world annotated data with fretboard annotations and the instrument-specific complexity of assigning tones to a specific fretting position. In this thesis, a transformerbased sequence-to-sequence model for direct audio-to-tablature…","{""bridge"": -0.2, ""emerging"": 0.15933}","{""bridge"": 98, ""emerging"": 196}",,,,
ml-blind-snapshot-review-v1,20260430,fallback_seeded_fill,source-snapshot-v2-candidate-plan-20260428,v2-title-abstract-1536-cleantext-r1,kmeans-l2-v2-cleantext-r1-k12,rank-ee2ba6c816,ml_blind_snapshot_audit,https://openalex.org/W7155160852,W7155160852,2358,CABIF-Net: Robust Confidence-Based Audio-Visual Fusion for Fine-Grained Bird Recognition,2026,0,,article,c003,,"Fine-grained bird identification is crucial for ecosystem monitoring, species conservation, and habitat assessment. However, in real-world environments, there are challenges such as imbalances in modality quality and interference from background noise. To improve fine-grained audio-visual bird classification under heterogeneous modality conditions, we propo…","{""bridge"": -0.2, ""emerging"": 0.162043}","{""bridge"": 154, ""emerging"": 188}",,,,
ml-blind-snapshot-review-v1,20260430,fallback_seeded_fill,source-snapshot-v2-candidate-plan-20260428,v2-title-abstract-1536-cleantext-r1,kmeans-l2-v2-cleantext-r1-k12,rank-ee2ba6c816,ml_blind_snapshot_audit,https://openalex.org/W4410025249,W4410025249,129,Signal Dependencies of the Immersion Sweet Area in Multichannel Loudspeaker Reproduction,2025,0,jaes,article,c003,Speech and Audio Processing;Acoustic Wave Phenomena Research,"Multichannel loudspeaker systems are generally optimized for a particular listening position-the so-called sweet spot. A sweet area around this position may be defined within which the reproduced sound field is judged to be similar-physically or perceptually-to what is observed in the sweet spot itself. Here, the sweet area is defined in terms of physical s…","{""bridge"": 0.583333, ""emerging"": 0.460005, ""undercited"": 0.7}","{""bridge"": 68, ""emerging"": 65, ""undercited"": 34}",,,,
ml-blind-snapshot-review-v1,20260430,fallback_seeded_fill,source-snapshot-v2-candidate-plan-20260428,v2-title-abstract-1536-cleantext-r1,kmeans-l2-v2-cleantext-r1-k12,rank-ee2ba6c816,ml_blind_snapshot_audit,https://openalex.org/W4409215246,W4409215246,139,Numerical Noise in Fixed-Pole Parallel and Kautz Filters,2025,1,jaes,article,c006,Digital Filter Design and Implementation,"In audio filtering, Kautz and fixed-pole parallel filters are commonly used, as they have the ability to approximate the frequency resolution of hearing. However, infinite impulse response filters are susceptible to numerical noise, as quantization happens in their feedback loop. This is especially severe in systems where only fixed-point arithmetic is avai…","{""bridge"": 0.548485, ""emerging"": 0.494906, ""undercited"": 0.657537}","{""bridge"": 74, ""emerging"": 24, ""undercited"": 58}",,,,
ml-blind-snapshot-review-v1,20260430,fallback_seeded_fill,source-snapshot-v2-candidate-plan-20260428,v2-title-abstract-1536-cleantext-r1,kmeans-l2-v2-cleantext-r1-k12,rank-ee2ba6c816,ml_blind_snapshot_audit,https://openalex.org/W7117889756,W7117889756,2319,Auditory Analysis of Tabla solo performances A study of Gharana specific characteristics,2026,0,,article,c000,,"Tabla is a pounding instrument in Hindustani classical music tradition. Tabla learning and presentation in the Indian landmass is based on stylistic schools called Gharana. Each Gharana is attributed by its main style of playing skills, act of Tabla beats, repertoire, compositions and improvisations. Recognizing the Gharana from a Tabla presentation is main…","{""bridge"": -0.2, ""emerging"": 0.165879}","{""bridge"": 119, ""emerging"": 163}",,,,
ml-blind-snapshot-review-v1,20260430,fallback_seeded_fill,source-snapshot-v2-candidate-plan-20260428,v2-title-abstract-1536-cleantext-r1,kmeans-l2-v2-cleantext-r1-k12,rank-ee2ba6c816,ml_blind_snapshot_audit,https://openalex.org/W7155372642,W7155372642,2413,Automated detection of stereotyped animal sounds using data augmentation and transfer learning,2026,0,,article,c003,,"Deep learning-based automated call detectors offer a solution to the labour- and time-intensive problem of isolating animal sounds within the enormous datasets generated by passive acoustic monitoring (PAM). Broad adoption of deep learning systems in PAM has been hampered by the need for large, labelled training datasets, which do not exist for species whos…","{""bridge"": -0.2, ""emerging"": 0.167381}","{""bridge"": 205, ""emerging"": 153}",,,,
ml-blind-snapshot-review-v1,20260430,fallback_seeded_fill,source-snapshot-v2-candidate-plan-20260428,v2-title-abstract-1536-cleantext-r1,kmeans-l2-v2-cleantext-r1-k12,rank-ee2ba6c816,ml_blind_snapshot_audit,https://openalex.org/W7138871348,W7138871348,2409,Multi-track symbolic music generation algorithm based on diffusion model and music structure constraints,2026,0,,article,c005,,"When generating symbolic music, people sometimes encounter problems such as unclear structure or mismatch between tracks.Accordingly, this study proposes a multi-track symbolic music generation method to solve the problems of melodic fragmentation, uneven rhythm, and multi-track conflicts in traditional music generation.Experiments on several music datasets…","{""bridge"": -0.2, ""emerging"": 0.167398}","{""bridge"": 201, ""emerging"": 152}",,,,
